-- Seed data for BH RCM POC
-- ~30 patients, 5 organizations, 3 products, ~100 enrollments, 100 claims (all pending)

-- ============================================================
-- Products (real UPCs and pricing from vbm_codes.py)
-- ============================================================
insert into products (id, name, slug, product_id_legacy, upc, upc_legacy, ndc_qualifier, ingredient_cost, dispensing_fee, usual_and_customary_charge, gross_amount_due, days_supply, quantity) values
  ('a0000000-0000-0000-0000-000000000001', 'Sleepio',  'sleepio',  1, '60008003304', '60001067190', '03', 400.00, 0.00, 400.00, 400.00, 365, 1),
  ('a0000000-0000-0000-0000-000000000002', 'Daylight', 'daylight', 2, '60008003305', '60001067191', '03', 430.00, 0.00, 430.00, 430.00, 365, 1),
  ('a0000000-0000-0000-0000-000000000003', 'Spark',    'spark',    4, '60008003303', '60008003308', '03', 430.00, 0.00, 430.00, 430.00, 365, 1);

-- ============================================================
-- Organizations
-- ============================================================
insert into organizations (id, name, slug, billing_type, client_codes, zip_code, member_exclusive, legacy_pricing, delivery_paused) values
  ('b0000000-0000-0000-0000-000000000001', 'Acme Corp',           'acme-corp',       'cvs',    '{0015}',       '10001', false, false, false),
  ('b0000000-0000-0000-0000-000000000002', 'Globex Industries',   'globex',          'cvs',    '{0021}',       '94105', false, false, false),
  ('b0000000-0000-0000-0000-000000000003', 'Initech',             'initech',         'esi',    '{}',           '78701', false, false, false),
  ('b0000000-0000-0000-0000-000000000004', 'Umbrella Health',     'umbrella-health', 'direct', '{}',           '60601', true,  false, false),
  ('b0000000-0000-0000-0000-000000000005', 'Legacy Partners Inc', 'legacy-partners', 'cvs',    '{X8661}',      '30301', false, true,  false);

-- ============================================================
-- Patients (~33)
-- ============================================================
insert into patients (id, first_name, last_name, date_of_birth, gender, zip_code, caremark_id, bin_number, processor_control_number, rx_group, group_id, carrier_id, account_id, person_code, relationship_code) values
  ('c0000000-0000-0000-0000-000000000001', 'James',     'Wilson',     '1985-03-14', 'M', '10001', 'CMK100001', '610066', 'RXGRP01', 'RXGRP01', 'GRP001', 'CAR001', 'ACCT001', '001', '1'),
  ('c0000000-0000-0000-0000-000000000002', 'Sarah',     'Chen',       '1990-07-22', 'F', '10002', 'CMK100002', '610066', 'RXGRP01', 'RXGRP01', 'GRP001', 'CAR001', 'ACCT001', '001', '1'),
  ('c0000000-0000-0000-0000-000000000003', 'Michael',   'Okonkwo',    '1978-11-05', 'M', '10003', 'CMK100003', '610066', 'RXGRP01', 'RXGRP01', 'GRP001', 'CAR001', 'ACCT001', '001', '1'),
  ('c0000000-0000-0000-0000-000000000004', 'Emily',     'Rodriguez',  '1992-01-30', 'F', '94101', 'CMK100004', '610066', 'RXGRP02', 'RXGRP02', 'GRP002', 'CAR002', 'ACCT002', '001', '1'),
  ('c0000000-0000-0000-0000-000000000005', 'David',     'Patel',      '1983-09-18', 'M', '94102', 'CMK100005', '610066', 'RXGRP02', 'RXGRP02', 'GRP002', 'CAR002', 'ACCT002', '001', '1'),
  ('c0000000-0000-0000-0000-000000000006', 'Lisa',      'Nakamura',   '1995-04-07', 'F', '94103', 'CMK100006', '610066', 'RXGRP02', 'RXGRP02', 'GRP002', 'CAR002', 'ACCT002', '001', '1'),
  ('c0000000-0000-0000-0000-000000000007', 'Robert',    'Thompson',   '1970-12-25', 'M', '78701', 'CMK100007', '984336', 'RXGRP03', 'RXGRP03', 'GRP003', 'CAR003', 'ACCT003', '001', '1'),
  ('c0000000-0000-0000-0000-000000000008', 'Maria',     'Garcia',     '1988-06-11', 'F', '78702', 'CMK100008', '984336', 'RXGRP03', 'RXGRP03', 'GRP003', 'CAR003', 'ACCT003', '001', '1'),
  ('c0000000-0000-0000-0000-000000000009', 'William',   'Kim',        '1975-08-03', 'M', '78703', 'CMK100009', '984336', 'RXGRP03', 'RXGRP03', 'GRP003', 'CAR003', 'ACCT003', '001', '1'),
  ('c0000000-0000-0000-0000-000000000010', 'Jennifer',  'Osei',       '1991-02-14', 'F', '60601', 'CMK100010', '610066', 'RXGRP04', 'RXGRP04', 'GRP004', 'CAR004', 'ACCT004', '001', '1'),
  ('c0000000-0000-0000-0000-000000000011', 'Thomas',    'Murphy',     '1982-10-20', 'M', '60602', 'CMK100011', '610066', 'RXGRP04', 'RXGRP04', 'GRP004', 'CAR004', 'ACCT004', '001', '1'),
  ('c0000000-0000-0000-0000-000000000012', 'Amanda',    'Johansson',  '1993-05-16', 'F', '60603', 'CMK100012', '610066', 'RXGRP04', 'RXGRP04', 'GRP004', 'CAR004', 'ACCT004', '001', '1'),
  ('c0000000-0000-0000-0000-000000000013', 'Daniel',    'Singh',      '1987-07-09', 'M', '30301', 'CMK100013', '610066', 'RXGRP05', 'RXGRP05', 'GRP005', 'CAR005', 'ACCT005', '001', '1'),
  ('c0000000-0000-0000-0000-000000000014', 'Rachel',    'Dubois',     '1979-03-28', 'F', '30302', 'CMK100014', '610066', 'RXGRP05', 'RXGRP05', 'GRP005', 'CAR005', 'ACCT005', '001', '1'),
  ('c0000000-0000-0000-0000-000000000015', 'Kevin',     'Andersen',   '1996-11-12', 'M', '10004', 'CMK100015', '610066', 'RXGRP01', 'RXGRP01', 'GRP001', 'CAR001', 'ACCT001', '001', '1'),
  ('c0000000-0000-0000-0000-000000000016', 'Stephanie', 'Morales',    '1984-08-21', 'F', '10005', 'CMK100016', '610066', 'RXGRP01', 'RXGRP01', 'GRP001', 'CAR001', 'ACCT001', '001', '1'),
  ('c0000000-0000-0000-0000-000000000017', 'Andrew',    'Ivanov',     '1973-01-06', 'M', '94104', 'CMK100017', '610066', 'RXGRP02', 'RXGRP02', 'GRP002', 'CAR002', 'ACCT002', '001', '1'),
  ('c0000000-0000-0000-0000-000000000018', 'Nicole',    'Tanaka',     '1989-09-30', 'F', '94105', 'CMK100018', '610066', 'RXGRP02', 'RXGRP02', 'GRP002', 'CAR002', 'ACCT002', '001', '1'),
  ('c0000000-0000-0000-0000-000000000019', 'Christopher','Abara',     '1981-04-15', 'M', '78704', 'CMK100019', '984336', 'RXGRP03', 'RXGRP03', 'GRP003', 'CAR003', 'ACCT003', '001', '1'),
  ('c0000000-0000-0000-0000-000000000020', 'Laura',     'Schmidt',    '1994-12-08', 'F', '78705', 'CMK100020', '984336', 'RXGRP03', 'RXGRP03', 'GRP003', 'CAR003', 'ACCT003', '001', '1'),
  ('c0000000-0000-0000-0000-000000000021', 'Brian',     'Nguyen',     '1976-06-19', 'M', '60604', 'CMK100021', '610066', 'RXGRP04', 'RXGRP04', 'GRP004', 'CAR004', 'ACCT004', '001', '1'),
  ('c0000000-0000-0000-0000-000000000022', 'Michelle',  'Kowalski',   '1986-02-27', 'F', '60605', 'CMK100022', '610066', 'RXGRP04', 'RXGRP04', 'GRP004', 'CAR004', 'ACCT004', '001', '1'),
  ('c0000000-0000-0000-0000-000000000023', 'Jason',     'Ali',        '1990-10-04', 'M', '30303', 'CMK100023', '610066', 'RXGRP05', 'RXGRP05', 'GRP005', 'CAR005', 'ACCT005', '001', '1'),
  ('c0000000-0000-0000-0000-000000000024', 'Angela',    'Lindqvist',  '1977-07-13', 'F', '30304', 'CMK100024', '610066', 'RXGRP05', 'RXGRP05', 'GRP005', 'CAR005', 'ACCT005', '001', '1'),
  ('c0000000-0000-0000-0000-000000000025', 'Mark',      'Okafor',     '1998-05-01', 'M', '10006', 'CMK100025', '610066', 'RXGRP01', 'RXGRP01', 'GRP001', 'CAR001', 'ACCT001', '001', '1'),
  ('c0000000-0000-0000-0000-000000000026', 'Catherine', 'Park',       '1980-11-23', 'F', '94106', 'CMK100026', '610066', 'RXGRP02', 'RXGRP02', 'GRP002', 'CAR002', 'ACCT002', '001', '1'),
  ('c0000000-0000-0000-0000-000000000027', 'Steven',    'Hoffmann',   '1972-03-09', 'M', '78706', 'CMK100027', '984336', 'RXGRP03', 'RXGRP03', 'GRP003', 'CAR003', 'ACCT003', '001', '1'),
  ('c0000000-0000-0000-0000-000000000028', 'Rebecca',   'Santos',     '1997-08-17', 'F', '60606', 'CMK100028', '610066', 'RXGRP04', 'RXGRP04', 'GRP004', 'CAR004', 'ACCT004', '001', '1'),
  ('c0000000-0000-0000-0000-000000000029', 'Patrick',   'Muller',     '1985-01-25', 'M', '30305', 'CMK100029', '610066', 'RXGRP05', 'RXGRP05', 'GRP005', 'CAR005', 'ACCT005', '001', '1'),
  ('c0000000-0000-0000-0000-000000000030', 'Diana',     'Chowdhury',  '1993-06-30', 'F', '10007', 'CMK100030', '610066', 'RXGRP01', 'RXGRP01', 'GRP001', 'CAR001', 'ACCT001', '001', '1'),
  ('c0000000-0000-0000-0000-000000000031', 'Gregory',   'Reyes',      '1974-04-11', 'M', '94107', 'CMK100031', '610066', 'RXGRP02', 'RXGRP02', 'GRP002', 'CAR002', 'ACCT002', '001', '1'),
  ('c0000000-0000-0000-0000-000000000032', 'Samantha',  'Eriksson',   '1991-09-22', 'F', '78707', 'CMK100032', '984336', 'RXGRP03', 'RXGRP03', 'GRP003', 'CAR003', 'ACCT003', '001', '1'),
  ('c0000000-0000-0000-0000-000000000033', 'Tyler',     'Washington', '1988-12-05', 'M', '60607', 'CMK100033', '610066', 'RXGRP04', 'RXGRP04', 'GRP004', 'CAR004', 'ACCT004', '001', '1');

-- ============================================================
-- Enrollments (~100) — each patient in 1-3 products
-- All have billing_point_hit_at set, spread across the last 90 days
-- Org assignment follows patient zip/group patterns
-- ============================================================

-- Abbreviations for readability:
--   org1 = Acme Corp (patients 1-3, 15-16, 25, 30)
--   org2 = Globex (patients 4-6, 17-18, 26, 31)
--   org3 = Initech (patients 7-9, 19-20, 27, 32)
--   org4 = Umbrella Health (patients 10-12, 21-22, 28, 33)
--   org5 = Legacy Partners (patients 13-14, 23-24, 29)

insert into enrollments (id, patient_id, product_id, organization_id, enrolled_at, billing_point_hit_at, reference_number, is_billable) values
  -- Org 1: Acme Corp — patients with 3 products each
  ('d0000000-0000-0000-0000-000000000001', 'c0000000-0000-0000-0000-000000000001', 'a0000000-0000-0000-0000-000000000001', 'b0000000-0000-0000-0000-000000000001', '2025-11-01', '2025-12-15', 1000001, true),
  ('d0000000-0000-0000-0000-000000000002', 'c0000000-0000-0000-0000-000000000001', 'a0000000-0000-0000-0000-000000000002', 'b0000000-0000-0000-0000-000000000001', '2025-11-01', '2025-12-20', 1000002, true),
  ('d0000000-0000-0000-0000-000000000003', 'c0000000-0000-0000-0000-000000000001', 'a0000000-0000-0000-0000-000000000003', 'b0000000-0000-0000-0000-000000000001', '2025-11-05', '2025-12-25', 1000003, true),
  ('d0000000-0000-0000-0000-000000000004', 'c0000000-0000-0000-0000-000000000002', 'a0000000-0000-0000-0000-000000000001', 'b0000000-0000-0000-0000-000000000001', '2025-11-10', '2025-12-28', 1000004, true),
  ('d0000000-0000-0000-0000-000000000005', 'c0000000-0000-0000-0000-000000000002', 'a0000000-0000-0000-0000-000000000002', 'b0000000-0000-0000-0000-000000000001', '2025-11-10', '2026-01-02', 1000005, true),
  ('d0000000-0000-0000-0000-000000000006', 'c0000000-0000-0000-0000-000000000003', 'a0000000-0000-0000-0000-000000000001', 'b0000000-0000-0000-0000-000000000001', '2025-11-15', '2026-01-05', 1000006, true),
  ('d0000000-0000-0000-0000-000000000007', 'c0000000-0000-0000-0000-000000000003', 'a0000000-0000-0000-0000-000000000003', 'b0000000-0000-0000-0000-000000000001', '2025-11-15', '2026-01-08', 1000007, true),
  ('d0000000-0000-0000-0000-000000000008', 'c0000000-0000-0000-0000-000000000015', 'a0000000-0000-0000-0000-000000000001', 'b0000000-0000-0000-0000-000000000001', '2025-11-20', '2026-01-10', 1000008, true),
  ('d0000000-0000-0000-0000-000000000009', 'c0000000-0000-0000-0000-000000000015', 'a0000000-0000-0000-0000-000000000002', 'b0000000-0000-0000-0000-000000000001', '2025-11-20', '2026-01-12', 1000009, true),
  ('d0000000-0000-0000-0000-000000000010', 'c0000000-0000-0000-0000-000000000015', 'a0000000-0000-0000-0000-000000000003', 'b0000000-0000-0000-0000-000000000001', '2025-11-20', '2026-01-14', 1000010, true),
  ('d0000000-0000-0000-0000-000000000011', 'c0000000-0000-0000-0000-000000000016', 'a0000000-0000-0000-0000-000000000001', 'b0000000-0000-0000-0000-000000000001', '2025-12-01', '2026-01-15', 1000011, true),
  ('d0000000-0000-0000-0000-000000000012', 'c0000000-0000-0000-0000-000000000016', 'a0000000-0000-0000-0000-000000000002', 'b0000000-0000-0000-0000-000000000001', '2025-12-01', '2026-01-18', 1000012, true),
  ('d0000000-0000-0000-0000-000000000013', 'c0000000-0000-0000-0000-000000000025', 'a0000000-0000-0000-0000-000000000001', 'b0000000-0000-0000-0000-000000000001', '2025-12-05', '2026-01-20', 1000013, true),
  ('d0000000-0000-0000-0000-000000000014', 'c0000000-0000-0000-0000-000000000025', 'a0000000-0000-0000-0000-000000000002', 'b0000000-0000-0000-0000-000000000001', '2025-12-05', '2026-01-22', 1000014, true),
  ('d0000000-0000-0000-0000-000000000015', 'c0000000-0000-0000-0000-000000000025', 'a0000000-0000-0000-0000-000000000003', 'b0000000-0000-0000-0000-000000000001', '2025-12-05', '2026-01-24', 1000015, true),
  ('d0000000-0000-0000-0000-000000000016', 'c0000000-0000-0000-0000-000000000030', 'a0000000-0000-0000-0000-000000000001', 'b0000000-0000-0000-0000-000000000001', '2025-12-10', '2026-01-25', 1000016, true),
  ('d0000000-0000-0000-0000-000000000017', 'c0000000-0000-0000-0000-000000000030', 'a0000000-0000-0000-0000-000000000003', 'b0000000-0000-0000-0000-000000000001', '2025-12-10', '2026-01-28', 1000017, true),

  -- Org 2: Globex — patients with 2-3 products each
  ('d0000000-0000-0000-0000-000000000018', 'c0000000-0000-0000-0000-000000000004', 'a0000000-0000-0000-0000-000000000001', 'b0000000-0000-0000-0000-000000000002', '2025-11-02', '2025-12-18', 1000018, true),
  ('d0000000-0000-0000-0000-000000000019', 'c0000000-0000-0000-0000-000000000004', 'a0000000-0000-0000-0000-000000000002', 'b0000000-0000-0000-0000-000000000002', '2025-11-02', '2025-12-22', 1000019, true),
  ('d0000000-0000-0000-0000-000000000020', 'c0000000-0000-0000-0000-000000000004', 'a0000000-0000-0000-0000-000000000003', 'b0000000-0000-0000-0000-000000000002', '2025-11-02', '2025-12-26', 1000020, true),
  ('d0000000-0000-0000-0000-000000000021', 'c0000000-0000-0000-0000-000000000005', 'a0000000-0000-0000-0000-000000000001', 'b0000000-0000-0000-0000-000000000002', '2025-11-08', '2025-12-30', 1000021, true),
  ('d0000000-0000-0000-0000-000000000022', 'c0000000-0000-0000-0000-000000000005', 'a0000000-0000-0000-0000-000000000002', 'b0000000-0000-0000-0000-000000000002', '2025-11-08', '2026-01-03', 1000022, true),
  ('d0000000-0000-0000-0000-000000000023', 'c0000000-0000-0000-0000-000000000006', 'a0000000-0000-0000-0000-000000000001', 'b0000000-0000-0000-0000-000000000002', '2025-11-12', '2026-01-06', 1000023, true),
  ('d0000000-0000-0000-0000-000000000024', 'c0000000-0000-0000-0000-000000000006', 'a0000000-0000-0000-0000-000000000002', 'b0000000-0000-0000-0000-000000000002', '2025-11-12', '2026-01-09', 1000024, true),
  ('d0000000-0000-0000-0000-000000000025', 'c0000000-0000-0000-0000-000000000006', 'a0000000-0000-0000-0000-000000000003', 'b0000000-0000-0000-0000-000000000002', '2025-11-12', '2026-01-11', 1000025, true),
  ('d0000000-0000-0000-0000-000000000026', 'c0000000-0000-0000-0000-000000000017', 'a0000000-0000-0000-0000-000000000001', 'b0000000-0000-0000-0000-000000000002', '2025-11-25', '2026-01-13', 1000026, true),
  ('d0000000-0000-0000-0000-000000000027', 'c0000000-0000-0000-0000-000000000017', 'a0000000-0000-0000-0000-000000000002', 'b0000000-0000-0000-0000-000000000002', '2025-11-25', '2026-01-16', 1000027, true),
  ('d0000000-0000-0000-0000-000000000028', 'c0000000-0000-0000-0000-000000000018', 'a0000000-0000-0000-0000-000000000001', 'b0000000-0000-0000-0000-000000000002', '2025-12-02', '2026-01-19', 1000028, true),
  ('d0000000-0000-0000-0000-000000000029', 'c0000000-0000-0000-0000-000000000018', 'a0000000-0000-0000-0000-000000000002', 'b0000000-0000-0000-0000-000000000002', '2025-12-02', '2026-01-21', 1000029, true),
  ('d0000000-0000-0000-0000-000000000030', 'c0000000-0000-0000-0000-000000000018', 'a0000000-0000-0000-0000-000000000003', 'b0000000-0000-0000-0000-000000000002', '2025-12-02', '2026-01-23', 1000030, true),
  ('d0000000-0000-0000-0000-000000000031', 'c0000000-0000-0000-0000-000000000026', 'a0000000-0000-0000-0000-000000000001', 'b0000000-0000-0000-0000-000000000002', '2025-12-08', '2026-01-26', 1000031, true),
  ('d0000000-0000-0000-0000-000000000032', 'c0000000-0000-0000-0000-000000000026', 'a0000000-0000-0000-0000-000000000002', 'b0000000-0000-0000-0000-000000000002', '2025-12-08', '2026-01-29', 1000032, true),
  ('d0000000-0000-0000-0000-000000000033', 'c0000000-0000-0000-0000-000000000031', 'a0000000-0000-0000-0000-000000000001', 'b0000000-0000-0000-0000-000000000002', '2025-12-12', '2026-01-30', 1000033, true),
  ('d0000000-0000-0000-0000-000000000034', 'c0000000-0000-0000-0000-000000000031', 'a0000000-0000-0000-0000-000000000003', 'b0000000-0000-0000-0000-000000000002', '2025-12-12', '2026-02-01', 1000034, true),

  -- Org 3: Initech (ESI) — patients with 1-3 products
  ('d0000000-0000-0000-0000-000000000035', 'c0000000-0000-0000-0000-000000000007', 'a0000000-0000-0000-0000-000000000001', 'b0000000-0000-0000-0000-000000000003', '2025-11-03', '2025-12-16', 1000035, true),
  ('d0000000-0000-0000-0000-000000000036', 'c0000000-0000-0000-0000-000000000007', 'a0000000-0000-0000-0000-000000000002', 'b0000000-0000-0000-0000-000000000003', '2025-11-03', '2025-12-19', 1000036, true),
  ('d0000000-0000-0000-0000-000000000037', 'c0000000-0000-0000-0000-000000000007', 'a0000000-0000-0000-0000-000000000003', 'b0000000-0000-0000-0000-000000000003', '2025-11-03', '2025-12-23', 1000037, true),
  ('d0000000-0000-0000-0000-000000000038', 'c0000000-0000-0000-0000-000000000008', 'a0000000-0000-0000-0000-000000000001', 'b0000000-0000-0000-0000-000000000003', '2025-11-09', '2025-12-27', 1000038, true),
  ('d0000000-0000-0000-0000-000000000039', 'c0000000-0000-0000-0000-000000000008', 'a0000000-0000-0000-0000-000000000002', 'b0000000-0000-0000-0000-000000000003', '2025-11-09', '2025-12-31', 1000039, true),
  ('d0000000-0000-0000-0000-000000000040', 'c0000000-0000-0000-0000-000000000009', 'a0000000-0000-0000-0000-000000000001', 'b0000000-0000-0000-0000-000000000003', '2025-11-14', '2026-01-04', 1000040, true),
  ('d0000000-0000-0000-0000-000000000041', 'c0000000-0000-0000-0000-000000000009', 'a0000000-0000-0000-0000-000000000002', 'b0000000-0000-0000-0000-000000000003', '2025-11-14', '2026-01-07', 1000041, true),
  ('d0000000-0000-0000-0000-000000000042', 'c0000000-0000-0000-0000-000000000009', 'a0000000-0000-0000-0000-000000000003', 'b0000000-0000-0000-0000-000000000003', '2025-11-14', '2026-01-10', 1000042, true),
  ('d0000000-0000-0000-0000-000000000043', 'c0000000-0000-0000-0000-000000000019', 'a0000000-0000-0000-0000-000000000001', 'b0000000-0000-0000-0000-000000000003', '2025-11-28', '2026-01-15', 1000043, true),
  ('d0000000-0000-0000-0000-000000000044', 'c0000000-0000-0000-0000-000000000019', 'a0000000-0000-0000-0000-000000000003', 'b0000000-0000-0000-0000-000000000003', '2025-11-28', '2026-01-18', 1000044, true),
  ('d0000000-0000-0000-0000-000000000045', 'c0000000-0000-0000-0000-000000000020', 'a0000000-0000-0000-0000-000000000001', 'b0000000-0000-0000-0000-000000000003', '2025-12-03', '2026-01-20', 1000045, true),
  ('d0000000-0000-0000-0000-000000000046', 'c0000000-0000-0000-0000-000000000020', 'a0000000-0000-0000-0000-000000000002', 'b0000000-0000-0000-0000-000000000003', '2025-12-03', '2026-01-22', 1000046, true),
  ('d0000000-0000-0000-0000-000000000047', 'c0000000-0000-0000-0000-000000000020', 'a0000000-0000-0000-0000-000000000003', 'b0000000-0000-0000-0000-000000000003', '2025-12-03', '2026-01-25', 1000047, true),
  ('d0000000-0000-0000-0000-000000000048', 'c0000000-0000-0000-0000-000000000027', 'a0000000-0000-0000-0000-000000000001', 'b0000000-0000-0000-0000-000000000003', '2025-12-10', '2026-01-28', 1000048, true),
  ('d0000000-0000-0000-0000-000000000049', 'c0000000-0000-0000-0000-000000000027', 'a0000000-0000-0000-0000-000000000002', 'b0000000-0000-0000-0000-000000000003', '2025-12-10', '2026-01-30', 1000049, true),
  ('d0000000-0000-0000-0000-000000000050', 'c0000000-0000-0000-0000-000000000032', 'a0000000-0000-0000-0000-000000000001', 'b0000000-0000-0000-0000-000000000003', '2025-12-15', '2026-02-01', 1000050, true),
  ('d0000000-0000-0000-0000-000000000051', 'c0000000-0000-0000-0000-000000000032', 'a0000000-0000-0000-0000-000000000002', 'b0000000-0000-0000-0000-000000000003', '2025-12-15', '2026-02-03', 1000051, true),
  ('d0000000-0000-0000-0000-000000000052', 'c0000000-0000-0000-0000-000000000032', 'a0000000-0000-0000-0000-000000000003', 'b0000000-0000-0000-0000-000000000003', '2025-12-15', '2026-02-05', 1000052, true),

  -- Org 4: Umbrella Health (direct) — patients with 1-3 products
  ('d0000000-0000-0000-0000-000000000053', 'c0000000-0000-0000-0000-000000000010', 'a0000000-0000-0000-0000-000000000001', 'b0000000-0000-0000-0000-000000000004', '2025-11-04', '2025-12-17', 1000053, true),
  ('d0000000-0000-0000-0000-000000000054', 'c0000000-0000-0000-0000-000000000010', 'a0000000-0000-0000-0000-000000000002', 'b0000000-0000-0000-0000-000000000004', '2025-11-04', '2025-12-21', 1000054, true),
  ('d0000000-0000-0000-0000-000000000055', 'c0000000-0000-0000-0000-000000000010', 'a0000000-0000-0000-0000-000000000003', 'b0000000-0000-0000-0000-000000000004', '2025-11-04', '2025-12-24', 1000055, true),
  ('d0000000-0000-0000-0000-000000000056', 'c0000000-0000-0000-0000-000000000011', 'a0000000-0000-0000-0000-000000000001', 'b0000000-0000-0000-0000-000000000004', '2025-11-11', '2025-12-29', 1000056, true),
  ('d0000000-0000-0000-0000-000000000057', 'c0000000-0000-0000-0000-000000000011', 'a0000000-0000-0000-0000-000000000002', 'b0000000-0000-0000-0000-000000000004', '2025-11-11', '2026-01-01', 1000057, true),
  ('d0000000-0000-0000-0000-000000000058', 'c0000000-0000-0000-0000-000000000012', 'a0000000-0000-0000-0000-000000000001', 'b0000000-0000-0000-0000-000000000004', '2025-11-16', '2026-01-05', 1000058, true),
  ('d0000000-0000-0000-0000-000000000059', 'c0000000-0000-0000-0000-000000000012', 'a0000000-0000-0000-0000-000000000002', 'b0000000-0000-0000-0000-000000000004', '2025-11-16', '2026-01-08', 1000059, true),
  ('d0000000-0000-0000-0000-000000000060', 'c0000000-0000-0000-0000-000000000012', 'a0000000-0000-0000-0000-000000000003', 'b0000000-0000-0000-0000-000000000004', '2025-11-16', '2026-01-11', 1000060, true),
  ('d0000000-0000-0000-0000-000000000061', 'c0000000-0000-0000-0000-000000000021', 'a0000000-0000-0000-0000-000000000001', 'b0000000-0000-0000-0000-000000000004', '2025-12-01', '2026-01-14', 1000061, true),
  ('d0000000-0000-0000-0000-000000000062', 'c0000000-0000-0000-0000-000000000021', 'a0000000-0000-0000-0000-000000000002', 'b0000000-0000-0000-0000-000000000004', '2025-12-01', '2026-01-17', 1000062, true),
  ('d0000000-0000-0000-0000-000000000063', 'c0000000-0000-0000-0000-000000000021', 'a0000000-0000-0000-0000-000000000003', 'b0000000-0000-0000-0000-000000000004', '2025-12-01', '2026-01-19', 1000063, true),
  ('d0000000-0000-0000-0000-000000000064', 'c0000000-0000-0000-0000-000000000022', 'a0000000-0000-0000-0000-000000000001', 'b0000000-0000-0000-0000-000000000004', '2025-12-06', '2026-01-21', 1000064, true),
  ('d0000000-0000-0000-0000-000000000065', 'c0000000-0000-0000-0000-000000000022', 'a0000000-0000-0000-0000-000000000002', 'b0000000-0000-0000-0000-000000000004', '2025-12-06', '2026-01-24', 1000065, true),
  ('d0000000-0000-0000-0000-000000000066', 'c0000000-0000-0000-0000-000000000028', 'a0000000-0000-0000-0000-000000000001', 'b0000000-0000-0000-0000-000000000004', '2025-12-11', '2026-01-27', 1000066, true),
  ('d0000000-0000-0000-0000-000000000067', 'c0000000-0000-0000-0000-000000000028', 'a0000000-0000-0000-0000-000000000002', 'b0000000-0000-0000-0000-000000000004', '2025-12-11', '2026-01-29', 1000067, true),
  ('d0000000-0000-0000-0000-000000000068', 'c0000000-0000-0000-0000-000000000028', 'a0000000-0000-0000-0000-000000000003', 'b0000000-0000-0000-0000-000000000004', '2025-12-11', '2026-02-01', 1000068, true),
  ('d0000000-0000-0000-0000-000000000069', 'c0000000-0000-0000-0000-000000000033', 'a0000000-0000-0000-0000-000000000001', 'b0000000-0000-0000-0000-000000000004', '2025-12-14', '2026-02-03', 1000069, true),
  ('d0000000-0000-0000-0000-000000000070', 'c0000000-0000-0000-0000-000000000033', 'a0000000-0000-0000-0000-000000000002', 'b0000000-0000-0000-0000-000000000004', '2025-12-14', '2026-02-05', 1000070, true),
  ('d0000000-0000-0000-0000-000000000071', 'c0000000-0000-0000-0000-000000000033', 'a0000000-0000-0000-0000-000000000003', 'b0000000-0000-0000-0000-000000000004', '2025-12-14', '2026-02-07', 1000071, true),

  -- Org 5: Legacy Partners (legacy pricing) — patients with 1-3 products
  ('d0000000-0000-0000-0000-000000000072', 'c0000000-0000-0000-0000-000000000013', 'a0000000-0000-0000-0000-000000000001', 'b0000000-0000-0000-0000-000000000005', '2025-11-06', '2025-12-20', 1000072, true),
  ('d0000000-0000-0000-0000-000000000073', 'c0000000-0000-0000-0000-000000000013', 'a0000000-0000-0000-0000-000000000002', 'b0000000-0000-0000-0000-000000000005', '2025-11-06', '2025-12-24', 1000073, true),
  ('d0000000-0000-0000-0000-000000000074', 'c0000000-0000-0000-0000-000000000013', 'a0000000-0000-0000-0000-000000000003', 'b0000000-0000-0000-0000-000000000005', '2025-11-06', '2025-12-28', 1000074, true),
  ('d0000000-0000-0000-0000-000000000075', 'c0000000-0000-0000-0000-000000000014', 'a0000000-0000-0000-0000-000000000001', 'b0000000-0000-0000-0000-000000000005', '2025-11-13', '2026-01-02', 1000075, true),
  ('d0000000-0000-0000-0000-000000000076', 'c0000000-0000-0000-0000-000000000014', 'a0000000-0000-0000-0000-000000000002', 'b0000000-0000-0000-0000-000000000005', '2025-11-13', '2026-01-06', 1000076, true),
  ('d0000000-0000-0000-0000-000000000077', 'c0000000-0000-0000-0000-000000000023', 'a0000000-0000-0000-0000-000000000001', 'b0000000-0000-0000-0000-000000000005', '2025-12-04', '2026-01-16', 1000077, true),
  ('d0000000-0000-0000-0000-000000000078', 'c0000000-0000-0000-0000-000000000023', 'a0000000-0000-0000-0000-000000000002', 'b0000000-0000-0000-0000-000000000005', '2025-12-04', '2026-01-19', 1000078, true),
  ('d0000000-0000-0000-0000-000000000079', 'c0000000-0000-0000-0000-000000000023', 'a0000000-0000-0000-0000-000000000003', 'b0000000-0000-0000-0000-000000000005', '2025-12-04', '2026-01-22', 1000079, true),
  ('d0000000-0000-0000-0000-000000000080', 'c0000000-0000-0000-0000-000000000024', 'a0000000-0000-0000-0000-000000000001', 'b0000000-0000-0000-0000-000000000005', '2025-12-09', '2026-01-25', 1000080, true),
  ('d0000000-0000-0000-0000-000000000081', 'c0000000-0000-0000-0000-000000000024', 'a0000000-0000-0000-0000-000000000002', 'b0000000-0000-0000-0000-000000000005', '2025-12-09', '2026-01-28', 1000081, true),
  ('d0000000-0000-0000-0000-000000000082', 'c0000000-0000-0000-0000-000000000024', 'a0000000-0000-0000-0000-000000000003', 'b0000000-0000-0000-0000-000000000005', '2025-12-09', '2026-01-31', 1000082, true),
  ('d0000000-0000-0000-0000-000000000083', 'c0000000-0000-0000-0000-000000000029', 'a0000000-0000-0000-0000-000000000001', 'b0000000-0000-0000-0000-000000000005', '2025-12-13', '2026-02-02', 1000083, true),
  ('d0000000-0000-0000-0000-000000000084', 'c0000000-0000-0000-0000-000000000029', 'a0000000-0000-0000-0000-000000000002', 'b0000000-0000-0000-0000-000000000005', '2025-12-13', '2026-02-04', 1000084, true),
  ('d0000000-0000-0000-0000-000000000085', 'c0000000-0000-0000-0000-000000000029', 'a0000000-0000-0000-0000-000000000003', 'b0000000-0000-0000-0000-000000000005', '2025-12-13', '2026-02-06', 1000085, true);

-- Remaining 15 enrollments — additional single-product enrollments to reach ~100
insert into enrollments (id, patient_id, product_id, organization_id, enrolled_at, billing_point_hit_at, reference_number, is_billable) values
  ('d0000000-0000-0000-0000-000000000086', 'c0000000-0000-0000-0000-000000000002', 'a0000000-0000-0000-0000-000000000003', 'b0000000-0000-0000-0000-000000000001', '2025-11-10', '2026-01-05', 1000086, true),
  ('d0000000-0000-0000-0000-000000000087', 'c0000000-0000-0000-0000-000000000005', 'a0000000-0000-0000-0000-000000000003', 'b0000000-0000-0000-0000-000000000002', '2025-11-08', '2026-01-07', 1000087, true),
  ('d0000000-0000-0000-0000-000000000088', 'c0000000-0000-0000-0000-000000000008', 'a0000000-0000-0000-0000-000000000003', 'b0000000-0000-0000-0000-000000000003', '2025-11-09', '2026-01-09', 1000088, true),
  ('d0000000-0000-0000-0000-000000000089', 'c0000000-0000-0000-0000-000000000011', 'a0000000-0000-0000-0000-000000000003', 'b0000000-0000-0000-0000-000000000004', '2025-11-11', '2026-01-11', 1000089, true),
  ('d0000000-0000-0000-0000-000000000090', 'c0000000-0000-0000-0000-000000000014', 'a0000000-0000-0000-0000-000000000003', 'b0000000-0000-0000-0000-000000000005', '2025-11-13', '2026-01-13', 1000090, true),
  ('d0000000-0000-0000-0000-000000000091', 'c0000000-0000-0000-0000-000000000016', 'a0000000-0000-0000-0000-000000000003', 'b0000000-0000-0000-0000-000000000001', '2025-12-01', '2026-02-08', 1000091, true),
  ('d0000000-0000-0000-0000-000000000092', 'c0000000-0000-0000-0000-000000000017', 'a0000000-0000-0000-0000-000000000003', 'b0000000-0000-0000-0000-000000000002', '2025-11-25', '2026-02-09', 1000092, true),
  ('d0000000-0000-0000-0000-000000000093', 'c0000000-0000-0000-0000-000000000019', 'a0000000-0000-0000-0000-000000000002', 'b0000000-0000-0000-0000-000000000003', '2025-11-28', '2026-02-10', 1000093, true),
  ('d0000000-0000-0000-0000-000000000094', 'c0000000-0000-0000-0000-000000000003', 'a0000000-0000-0000-0000-000000000002', 'b0000000-0000-0000-0000-000000000001', '2025-12-01', '2026-02-11', 1000094, true),  -- Okonkwo + Daylight (Acme)
  ('d0000000-0000-0000-0000-000000000095', 'c0000000-0000-0000-0000-000000000022', 'a0000000-0000-0000-0000-000000000003', 'b0000000-0000-0000-0000-000000000004', '2025-12-06', '2026-02-12', 1000095, true),
  ('d0000000-0000-0000-0000-000000000096', 'c0000000-0000-0000-0000-000000000031', 'a0000000-0000-0000-0000-000000000002', 'b0000000-0000-0000-0000-000000000002', '2025-12-12', '2026-02-13', 1000096, true),  -- Reyes + Daylight (Globex)
  ('d0000000-0000-0000-0000-000000000097', 'c0000000-0000-0000-0000-000000000026', 'a0000000-0000-0000-0000-000000000003', 'b0000000-0000-0000-0000-000000000002', '2025-12-08', '2026-02-14', 1000097, true),
  ('d0000000-0000-0000-0000-000000000098', 'c0000000-0000-0000-0000-000000000027', 'a0000000-0000-0000-0000-000000000003', 'b0000000-0000-0000-0000-000000000003', '2025-12-10', '2026-02-15', 1000098, true),
  ('d0000000-0000-0000-0000-000000000099', 'c0000000-0000-0000-0000-000000000030', 'a0000000-0000-0000-0000-000000000002', 'b0000000-0000-0000-0000-000000000001', '2025-12-10', '2026-02-17', 1000099, true);

-- No claims seeded — claims are created when a user submits from the portal.
-- Enrollments with billing_point_hit_at set are the "ready to bill" pool.
